"","cluster_id","gene","ZC_p_val","ZC_avg_log2FC","ZC_pct.1","ZC_pct.2","ZC_p_val_adj","ZY_p_val","ZY_avg_log2FC","ZY_pct.1","ZY_pct.2","ZY_p_val_adj","YF_p_val","YF_avg_log2FC","YF_pct.1","YF_pct.2","YF_p_val_adj","max_pval","minimump_p_val","description","avg_fc"
"1",0,"CD3G",1.5505932540439e-07,2.75054598200954,0.031,0.005,0.00520037965541242,0,1.84381625658643,0.546,0.179,0,0,1.71613114046736,0.509,0.184,0,1.5505932540439e-07,0,"CD3 gamma subunit of T-cell receptor complex",2.10349779302111
"2",0,"CD8B",0.000636922995328064,1.99491089951898,0.015,0.003,1,0,2.88324371269597,0.21,0.036,0,0,2.68651212358919,0.237,0.045,0,0.000636922995328064,0,"CD8b molecule",2.52155557860138
"3",0,"TRGC2",0.00095749063443582,2.63841802232059,0.019,0.004,1,0,2.75574310547849,0.29,0.049,0,3.96254600709998e-182,2.32727560565437,0.152,0.037,1.32895867986119e-177,0.00095749063443582,0,"T cell receptor gamma constant 2",2.57381224448448
"4",0,"CD8A",0.0173913956352383,1.95728160545581,0.035,0.016,1,0,2.88301563818606,0.345,0.057,0,0,2.69445681722698,0.394,0.072,0,0.0173913956352383,0,"CD8a molecule",2.51158468695628
"5",0,"GZMK",0.312660463072619,0.233756882391434,0.012,0.006,1,0,3.20441668995191,0.633,0.089,0,0,3.48532201375694,0.641,0.086,0,0.312660463072619,0,"granzyme K",2.30783186203343
"6",0,"SLC4A10",2.83123836641603e-06,3.57166435913044,0.019,0.002,0.0949540723328607,6.5310214928401e-179,2.66316322529373,0.092,0.013,2.19037398826871e-174,1.10731785863902e-36,2.35704278338699,0.025,0.005,3.71372263430354e-32,2.83123836641603e-06,1.95930644785201e-178,"solute carrier family 4 member 10",2.86395678927039
"7",0,"LINC00861",2.62493671409382e-11,4.38993422069412,0.019,0.001,8.80351275172784e-07,3.99646942154777e-82,1.37727932809719,0.128,0.047,1.34033591459869e-77,1.32335636627358e-83,2.19700316515212,0.09,0.027,4.43827258120833e-79,2.62493671409382e-11,3.97006909882073e-83,"long intergenic non-protein coding RNA 861",2.65473890464781
"8",0,"GPR18",9.10857266713111e-07,3.83305949906093,0.015,0.001,0.0305483310110243,1.93768581097419e-46,1.82124077688475,0.071,0.026,6.49861067284523e-42,1.6360644578435e-17,1.61144464621037,0.053,0.027,5.48703297871554e-13,9.10857266713111e-07,5.81305743292257e-46,"G protein-coupled receptor 18",2.42191497405202
"9",0,"AC246785.3",2.42055527934138e-05,3.00713134882932,0.015,0.002,0.811805829585511,1.98390286134762e-25,2.03864305606502,0.033,0.011,6.65361341638765e-21,1.25989795771988e-19,2.07956464923552,0.027,0.009,4.22544577060093e-15,2.42055527934138e-05,5.95170858404286e-25,NA,2.37511301804329
"10",0,"AL451085.1",1.06053112145188e-14,4.52895463008499,0.023,0.001,3.55680927512533e-10,5.86249886069837e-09,1.28533458824678,0.05,0.032,0.000196616486790102,4.22478175314754e-08,1.69708766876338,0.05,0.033,0.00141690730437062,4.22478175314754e-08,3.18159336435561e-14,NA,2.50379229569838
"11",1,"MUC5B",1.22317780824136e-56,2.77736582102032,0.166,0.036,4.10229373327987e-52,0,3.61066672912215,0.284,0.03,0,1.52023311375244e-237,2.76245223881119,0.144,0.025,5.09855781690292e-233,1.22317780824136e-56,0,"mucin 5B, oligomeric mucus/gel-forming",3.05016159631789
"12",1,"FAM3D",1.22208207686166e-40,2.48036790672504,0.094,0.015,4.09861886937864e-36,0,3.27366963078082,0.488,0.048,0,0,2.55944461363462,0.615,0.09,0,1.22208207686166e-40,0,"FAM3 metabolism regulating signaling molecule D",2.77116071704683
"13",1,"VSIG2",7.0697492366214e-38,2.3655198748701,0.113,0.025,2.37105249897809e-33,0,3.22464444600068,0.775,0.11,0,0,2.65293334209171,0.875,0.142,0,7.0697492366214e-38,0,"V-set and immunoglobulin domain containing 2",2.7476992209875
"14",1,"TFF3",3.26777806334062e-33,2.37860000976482,0.21,0.084,1.09594740688318e-28,0,3.61558781392702,0.852,0.255,0,0,2.50281621804933,0.979,0.282,0,3.26777806334062e-33,0,"trefoil factor 3",2.83233468058039
"15",1,"ANXA13",1.37324216337602e-28,2.15928251782875,0.091,0.021,4.60557956753051e-24,0,3.39681588579035,0.423,0.036,0,0,2.66888709442915,0.645,0.089,0,1.37324216337602e-28,0,"annexin A13",2.74166183268275
"16",1,"CA14",3.17742305658807e-10,2.71724515912438,0.023,0.004,1.06564414471851e-05,0,3.21140702345543,0.169,0.014,0,1.75914824293781e-260,2.56756218654695,0.142,0.022,5.89983137716483e-256,3.17742305658807e-10,0,"carbonic anhydrase 14",2.83207145637559
"17",1,"C11orf53",3.40518053023263e-08,2.02018065157449,0.032,0.01,0.00114202944622942,0,3.35248613794001,0.265,0.024,0,0,2.85831018146513,0.412,0.05,0,3.40518053023263e-08,0,NA,2.74365899032654
"18",1,"PPP1R14D",5.376978521778e-08,3.57923392040592,0.011,0.001,0.00180333105663391,0,3.19817832838281,0.415,0.04,0,0,2.57565798506942,0.408,0.059,0,5.376978521778e-08,0,"protein phosphatase 1 regulatory inhibitor subunit 14D",3.11769007795272
"19",1,"MSMB",4.8498621033096e-06,2.23615398844694,0.028,0.01,0.162654675220798,0,3.54429350990032,0.463,0.043,0,0,2.82771019990887,0.439,0.058,0,4.8498621033096e-06,0,"microseminoprotein beta",2.86938589941871
"20",1,"AL138930.1",1.89473319326852e-10,2.45334178942924,0.028,0.006,6.35455618358397e-06,5.61617186356755e-79,3.20393702829827,0.033,0.002,1.88355171960329e-74,1.09685022984208e-295,2.67483283435374,0.12,0.012,3.67861630084438e-291,1.89473319326852e-10,3.29055068952658e-295,NA,2.77737055069375
"21",2,"CCR7",2.25862157805568e-09,1.63028713896485,0.212,0.079,7.57496504848313e-05,0,3.47771070596451,0.347,0.05,0,0,2.88157080388611,0.422,0.073,0,2.25862157805568e-09,0,"C-C motif chemokine receptor 7",2.66318954960515
"22",2,"IL7R",1.88116216782251e-05,1.67810067023071,0.119,0.046,0.630904167844313,0,2.25930860850197,0.955,0.349,0,0,2.46497988212746,0.961,0.306,0,1.88116216782251e-05,0,"interleukin 7 receptor",2.13412972028671
"23",2,"P2RY10",0.359670432944827,2.56725086935184,0.013,0.007,1,3.57686722550907e-164,1.91595233984734,0.204,0.054,1.19960973009123e-159,5.2518498752868e-208,1.86811657363555,0.253,0.07,1.76136541117369e-203,0.359670432944827,1.57555496258603e-207,"P2Y receptor family member 10",2.11710659427824
"24",2,"TNFRSF25",0.318789386961757,2.34968497790598,0.013,0.007,1,9.003471530714e-200,1.79208207289517,0.273,0.081,3.01958428197086e-195,4.05971058064742e-143,1.94212880012812,0.235,0.083,1.36154573453753e-138,0.318789386961757,2.70104145921423e-199,"TNF receptor superfamily member 25",2.02796528364309
"25",2,"ICOS",7.61735242066897e-05,3.73217419180326,0.02,0.002,1,2.15712985218103e-138,1.73858846330971,0.193,0.056,7.23458209824472e-134,2.79886040560174e-189,1.62892492637253,0.236,0.065,9.38681802830711e-185,7.61735242066897e-05,8.396581216805e-189,"inducible T cell costimulator",2.36656252716183
"26",2,"BEX2",6.73229979762743e-22,1.99574322496141,0.43,0.157,2.25787870612829e-17,1.72004414557206e-77,1.81892941756363,0.135,0.045,5.76868405541957e-73,4.08159548768998e-166,2.12154732058126,0.172,0.041,1.36888549466147e-161,6.73229979762743e-22,1.22447864630701e-165,"brain expressed X-linked 2",1.9787399877021
"27",2,"CD5",0.343122265706837,1.98994480598334,0.013,0.007,1,7.82881914013908e-138,2.12782018771253,0.139,0.031,2.62562936321984e-133,1.0151305238649e-110,1.71423583854211,0.134,0.036,3.40454475093809e-106,0.343122265706837,2.34864574204175e-137,"CD5 molecule",1.94400027741266
"28",2,"ACSL6",0.00810041986238167,1.95346930027127,0.013,0.002,1,1.19596392832542e-26,1.67925440384456,0.034,0.009,4.01102382281778e-22,4.33577955607629e-48,2.00886812213768,0.039,0.008,1.45413374751687e-43,0.00810041986238167,1.30073386682288e-47,"acyl-CoA synthetase long chain family member 6",1.88053060875117
"29",2,"RLN2",0.00137832525958756,3.58023982587386,0.02,0.003,1,9.29617031298195e-12,1.42640643407518,0.022,0.008,3.11774959956789e-07,4.21831250820292e-06,1.24165343276323,0.018,0.008,0.14147376490011,0.00137832525958756,2.78885109386866e-11,"relaxin 2",2.08276656423742
"30",2,"CCDC184",7.3273500789511e-06,3.66911312037124,0.02,0.002,0.245744666947862,0.00776195418509091,1.85629792648414,0.016,0.01,1,4.91107891121105e-08,1.57463284375378,0.031,0.016,0.00164707764524196,0.00776195418509091,1.47332360100723e-07,"coiled-coil domain containing 184",2.36668129686972
"31",3,"GSTA1",1.0320136029588e-30,1.22744547741683,0.159,0.065,3.46116722160323e-26,3.14770429536486e-31,2.53872857772122,0.073,0.022,1.05567706657947e-26,1.13860164696199e-170,2.69121182532925,0.26,0.066,3.81864220358111e-166,1.0320136029588e-30,3.41580494088602e-170,"glutathione S-transferase alpha 1",2.15246196015577
"32",3,"AC022613.1",9.67868704676758e-06,1.3634241944207,0.035,0.017,0.324603806174491,2.24998359380873e-50,2.58332702562422,0.155,0.055,7.54599497691572e-46,1.40001086802578e-144,2.03146164203391,0.331,0.112,4.69535644918487e-140,9.67868704676758e-06,4.20003260407735e-144,NA,1.99273762069294
"33",3,"AC087482.1",2.72848764414658e-06,1.47004367009151,0.016,0.004,0.0915080186093881,7.6183672458733e-10,2.5966622252408,0.046,0.021,2.55504800692099e-05,6.81738866492003e-51,1.89278002550782,0.155,0.058,2.28641581044088e-46,2.72848764414658e-06,2.04521659947599e-50,NA,1.98649530694671
"34",3,"GP2",1.01500575601456e-33,1.27297566983621,0.5,0.384,3.40412630452162e-29,4.91495593131307e-15,2.73412062249917,0.041,0.013,1.64837792024378e-10,1.0646380617329e-40,2.36479190883628,0.088,0.027,3.57058313143981e-36,4.91495593131307e-15,3.19391418519869e-40,"glycoprotein 2",2.12396273372389
"35",3,"STX19",0.000157528181575797,2.27283178309272,0.014,0.005,1,0.000546998456977471,2.38612537727337,0.03,0.017,1,1.20395054784173e-28,2.28803995912298,0.072,0.024,4.03780934735159e-24,0.000546998456977471,3.61185164352519e-28,"syntaxin 19",2.31566570649636
"36",3,"AMBP",7.50612209835229e-26,1.39482117154711,0.2,0.105,2.51740322934539e-21,0.00150863640252175,1.99409763995933,0.019,0.01,1,3.83516605881359e-17,2.51463403101184,0.032,0.009,1.2862379928049e-12,0.00150863640252175,2.25183662950568e-25,"alpha-1-microglobulin/bikunin precursor",1.96785094750609
"37",3,"ARHGDIG",1.77923470435505e-13,1.05820351178547,0.045,0.014,5.96719735146597e-09,0.000134410586042444,3.30152532573868,0.012,0.004,1,0.00107868645694941,2.01451272565825,0.017,0.008,1,0.00107868645694941,5.33770411306422e-13,"Rho GDP dissociation inhibitor gamma",2.12474718772747
"38",3,"JPH1",1.6437450203379e-08,1.1007028541828,0.032,0.011,0.000551279204920924,5.10046109137761e-08,2.869185633859,0.044,0.021,0.00171059264082622,2.62351735377228e-08,2.42348941747271,0.054,0.029,0.000879875250108148,5.10046109137761e-08,4.93123497995676e-08,"junctophilin 1",2.13112596850484
"39",3,"LINC00982",4.20193905927853e-05,1.54852772443535,0.025,0.011,1,0.000120927390627169,2.43697088334125,0.019,0.008,1,8.59070179825017e-07,2.25868586531847,0.034,0.017,0.0288114956909714,0.000120927390627169,2.57720832547096e-06,NA,2.08139482436502
"40",3,"ARHGAP8",0.000406995916535008,1.79114601897589,0.015,0.006,1,0.000216578043933103,2.91619866819054,0.038,0.022,1,0.220687612769583,1.48760295511648,0.039,0.033,1,0.220687612769583,0.000649593423810788,"Rho GTPase activating protein 8",2.06498254742763
"41",4,"KLRD1",7.59037781273757e-56,5.74598877710794,0.167,0.004,2.54566091083593e-51,0,4.1720486615486,0.809,0.072,0,0,5.04376311198124,0.555,0.034,0,7.59037781273757e-56,0,"killer cell lectin like receptor D1",4.9872668502126
"42",4,"TMIGD2",3.93273878525841e-49,10.7925286902297,0.037,0,1.31896193379997e-44,2.44733932610343e-178,2.91956616803608,0.148,0.029,8.20788663188569e-174,0,3.84100652436595,0.214,0.023,0,3.93273878525841e-49,0,"transmembrane and immunoglobulin domain containing 2",5.85103379421058
"43",4,"ZNF683",4.78248095573719e-33,8.2768728200208,0.037,0,1.60394846293514e-28,2.8421543258979e-173,3.72972821958923,0.073,0.006,9.53201717819638e-169,0,4.43448700290513,0.13,0.007,0,4.78248095573719e-33,0,"zinc finger protein 683",5.48036268083839
"44",4,"FGFBP2",2.08849977503581e-25,9.91921543289697,0.019,0,7.00441054551509e-21,0,6.3864665081249,0.306,0.009,0,4.11023772701462e-300,6.50124283788346,0.084,0.003,1.37849152888616e-295,2.08849977503581e-25,0,"fibroblast growth factor binding protein 2",7.60230825963511
"45",4,"GNLY",5.12477019615261e-23,6.21472610951337,0.185,0.015,1.71874542838566e-18,0,5.25066722433645,0.562,0.057,0,0,5.91427734213146,0.524,0.041,0,5.12477019615261e-23,0,"granulysin",5.79322355866043
"46",4,"TRDC",3.68513968743383e-22,5.88860920329103,0.056,0.001,1.23592214837156e-17,0,4.78169130114609,0.446,0.02,0,0,5.22085083246605,0.242,0.009,0,3.68513968743383e-22,0,"T cell receptor delta constant",5.29705044563439
"47",4,"XCL1",6.36723190130819e-17,7.17412911716245,0.037,0.001,2.13544223506074e-12,0,4.41665605202786,0.222,0.02,0,0,4.32876078901191,0.204,0.018,0,6.36723190130819e-17,0,"X-C motif chemokine ligand 1",5.30651531940074
"48",4,"KLRC2",6.77109776308889e-17,5.3706141976085,0.037,0.001,2.27089076778475e-12,0,5.81441462533957,0.279,0.009,0,0,5.70208464962394,0.175,0.008,0,6.77109776308889e-17,0,"killer cell lectin like receptor C2",5.62903782419067
"49",4,"XCL2",2.05488610414182e-10,7.80937240288158,0.037,0.001,6.89167701607085e-06,0,4.14495300781687,0.387,0.038,0,0,4.1038322888638,0.334,0.031,0,2.05488610414182e-10,0,"X-C motif chemokine ligand 2",5.35271923318741
"50",4,"SH2D1B",4.01725567416718e-07,6.80292895561738,0.019,0.001,0.0134730720800219,0,5.31610078175156,0.112,0.004,0,5.66440067352421e-185,5.47423901676898,0.059,0.003,1.89972669788655e-180,4.01725567416718e-07,0,"SH2 domain containing 1B",5.86442291804597
"51",5,"SFRP2",8.57146362431072e-249,5.97369253887805,0.482,0.022,2.87469747032133e-244,0,9.11972674226176,0.216,0.003,0,0,8.0820056493791,0.814,0.033,0,8.57146362431072e-249,0,"secreted frizzled related protein 2",7.7251416435063
"52",5,"PODN",4.59484209009789e-228,7.07977686024987,0.249,0.003,1.54101814017703e-223,0,7.6510313633731,0.451,0.002,0,0,7.37107552449615,0.345,0.003,0,4.59484209009789e-228,0,"podocan",7.36729458270637
"53",5,"ISLR",2.69588618757873e-185,5.80086918474404,0.269,0.007,9.04146309590153e-181,0,8.87019349225683,0.599,0.004,0,0,7.29049969918432,0.802,0.012,0,2.69588618757873e-185,0,"immunoglobulin superfamily containing leucine rich repeat",7.32052079206173
"54",5,"COL10A1",2.04717357065079e-136,5.42248104455027,0.161,0.002,6.86581072124863e-132,0,8.97132561077115,0.656,0.006,0,0,7.9766450192799,0.778,0.011,0,2.04717357065079e-136,0,"collagen type X alpha 1 chain",7.45681722486711
"55",5,"COMP",8.30423278771421e-76,5.14477420522322,0.202,0.014,2.78507359234359e-71,0,8.54870042327136,0.344,0.006,0,0,7.88099807735063,0.389,0.005,0,8.30423278771421e-76,0,"cartilage oligomeric matrix protein",7.1914909019484
"56",5,"CXCL14",6.76660275783183e-72,5.40409715591361,0.119,0.004,2.26938323292164e-67,0,8.93099595322929,0.339,0.005,0,0,8.0025361744447,0.55,0.021,0,6.76660275783183e-72,0,"C-X-C motif chemokine ligand 14",7.44587642786253
"57",5,"CCL11",1.37203759469543e-50,5.91337093039707,0.052,0.001,4.60153968508954e-46,0,8.83744423362065,0.128,0,0,0,7.02909312666956,0.07,0.001,0,1.37203759469543e-50,0,"C-C motif chemokine ligand 11",7.25996943022909
"58",5,"CST2",1.49566929000522e-43,5.77494674692036,0.052,0.001,5.01617566481952e-39,0,8.9637531382603,0.165,0.001,0,0,8.02375541456153,0.071,0,0,1.49566929000522e-43,0,"cystatin SA",7.58748509991406
"59",5,"COL11A1",1.29972532043323e-30,3.75756034678987,0.067,0.004,4.35901877966897e-26,0,9.71318855573672,0.615,0.004,0,0,8.11919277008866,0.68,0.008,0,1.29972532043323e-30,0,"collagen type XI alpha 1 chain",7.19664722420508
"60",5,"IGFL2",4.02323028150483e-21,8.54355243461239,0.016,0,1.34931097181109e-16,0,7.71571889821688,0.294,0.004,0,0,6.62199323008654,0.421,0.009,0,4.02323028150483e-21,0,"IGF like family member 2",7.6270881876386
"61",6,"LPL",9.42744207490671e-144,4.48922356838332,0.285,0.009,3.16177552308221e-139,0,3.85146437743534,0.698,0.056,0,0,5.39500850147025,0.546,0.02,0,9.42744207490671e-144,0,"lipoprotein lipase",4.57856548242964
"62",6,"CCL18",6.3065056844477e-106,4.93169677987716,0.423,0.036,2.11507587645007e-101,0,4.63475789323027,0.711,0.12,0,0,6.65329307911231,0.448,0.026,0,6.3065056844477e-106,0,"C-C motif chemokine ligand 18",5.40658258407325
"63",6,"APOC1",2.63647310451864e-74,3.99136306213114,0.942,0.475,8.84220349793463e-70,0,3.98632276946439,0.984,0.314,0,0,5.85722612255257,0.967,0.145,0,2.63647310451864e-74,0,"apolipoprotein C1",4.61163731804936
"64",6,"PTCRA",7.61853673140423e-44,4.97182883792265,0.066,0.001,2.55510484897835e-39,0,3.92357684198361,0.116,0.005,0,3.84804601415164e-198,5.031619894468,0.061,0.001,1.29055767222618e-193,7.61853673140423e-44,0,"pre T cell antigen receptor alpha",4.64234185812476
"65",6,"TM4SF19",1.06873646173094e-37,4.23247542719967,0.073,0.002,3.58432834535324e-33,0,4.24452959181053,0.303,0.013,0,0,6.69332290091583,0.173,0.002,0,1.06873646173094e-37,0,"transmembrane 4 L six family member 19",5.05677597330868
"66",6,"CHIT1",2.96579281522208e-31,4.76077821143257,0.117,0.009,9.9466759436918e-27,0,4.5656424403923,0.241,0.02,0,0,6.68993725370921,0.162,0.004,0,2.96579281522208e-31,0,"chitinase 1",5.33878596851136
"67",6,"ATP6V0D2",3.07737094179693e-28,3.81629070615668,0.051,0.002,1.03208866645985e-23,0,4.45766408636536,0.293,0.009,0,0,6.05793596841426,0.187,0.003,0,3.07737094179693e-28,0,"ATPase H+ transporting V0 subunit d2",4.7772969203121
"68",6,"AGRP",1.26778267590313e-19,4.21000652142811,0.036,0.001,4.25188953844392e-15,0,4.59616568363855,0.345,0.019,0,0,6.87667647546577,0.198,0.002,0,1.26778267590313e-19,0,"agouti related neuropeptide",5.22761622684414
"69",6,"MARCO",5.63487648325863e-11,3.38744963490582,0.036,0.003,1.88982487495528e-06,0,4.17871785484924,0.844,0.094,0,0,6.77299403761345,0.714,0.015,0,5.63487648325863e-11,0,"macrophage receptor with collagenous structure",4.77972050912284
"70",6,"AC026369.3",0.0680948743642239,1.49812214225773,0.022,0.008,1,0,5.09930610129513,0.315,0.012,0,0,7.56399686543157,0.227,0.003,0,0.0680948743642239,0,NA,4.72047503632815
"71",7,"SLC6A14",1.0144977423512e-45,3.50438171673058,0.111,0.009,3.40242252829746e-41,0,4.51118666644923,0.377,0.017,0,0,3.89893684007102,0.366,0.03,0,1.0144977423512e-45,0,"solute carrier family 6 member 14",3.97150174108361
"72",7,"SPRR3",8.94389935459747e-33,3.64612641274111,0.067,0.004,2.9996049655449e-28,0,5.22807517503027,0.291,0.016,0,0,4.99637368364474,0.152,0.006,0,8.94389935459747e-33,0,"small proline rich protein 3",4.62352509047204
"73",7,"SPRR1B",1.82586391705999e-28,3.58564334487009,0.07,0.006,6.12358240503579e-24,0,4.77195767383331,0.258,0.01,0,0,4.09674482556009,0.169,0.008,0,1.82586391705999e-28,0,"small proline rich protein 1B",4.1514486147545
"74",7,"KRT16",8.57326117955832e-23,2.46122830187055,0.089,0.012,2.87530033440027e-18,0,5.45978817814342,0.269,0.008,0,0,4.37902501135023,0.208,0.014,0,8.57326117955832e-23,0,"keratin 16",4.10001383045473
"75",7,"SCEL",2.24523572223218e-13,4.26839682937294,0.019,0.001,7.5300715652223e-09,0,4.14914626524875,0.435,0.017,0,0,3.6631003886221,0.309,0.024,0,2.24523572223218e-13,0,"sciellin",4.02688116108126
"76",7,"CEACAM5",7.21065793010818e-12,3.80367661457781,0.033,0.004,2.41831045659968e-07,0,4.11854192657574,0.849,0.075,0,0,4.72696346942084,0.56,0.043,0,7.21065793010818e-12,0,"CEA cell adhesion molecule 5",4.2163940035248
"77",7,"CRCT1",8.11496761348154e-11,3.20271795017649,0.019,0.001,2.72159783820944e-06,0,5.9672359361431,0.251,0.01,0,0,5.38693483813943,0.092,0.002,0,8.11496761348154e-11,0,"cysteine rich C-terminal 1",4.85229624148634
"78",7,"VGLL1",8.11496761348154e-11,3.71677050579514,0.019,0.001,2.72159783820944e-06,0,4.93514191056155,0.228,0.006,0,1.3057035917962e-272,4.37432435436717,0.083,0.003,4.3790687061661e-268,8.11496761348154e-11,0,"vestigial like family member 1",4.34207892357462
"79",7,"KLK7",7.93801335109405e-08,2.6923567215769,0.015,0.001,0.00266225091768992,0,4.33038257020423,0.331,0.025,0,0,4.76645423446022,0.196,0.012,0,7.93801335109405e-08,0,"kallikrein related peptidase 7",3.92973117541378
"80",7,"CEACAM7",4.72483060039723e-32,2.53819503764289,0.126,0.017,1.58461368676122e-27,5.1064234914474e-261,5.14268601727389,0.07,0.001,1.71259231056163e-256,1.82010580949329e-189,4.04341596868228,0.057,0.002,6.1042708638786e-185,4.72483060039723e-32,1.53192704743425e-260,"CEA cell adhesion molecule 7",3.90809900786635
"81",8,"AMY2B",1.45739072139519e-52,3.23878351222154,0.2,0.031,4.8877970014152e-48,0.00186607899138175,0.927537111753657,0.004,0.013,1,0.213446353723291,0.913983639679692,0.007,0.011,1,0.213446353723291,4.37217216418557e-52,"amylase alpha 2B",1.69343475455163
"82",8,"AC040162.1",3.06154777730387e-14,1.93795764849369,0.06,0.011,1.02678189355217e-09,0.0420035760095252,1.36322020681829,0.012,0.019,1,0.647662021917871,1.8999722806276,0.01,0.012,1,0.647662021917871,9.18464333191134e-14,NA,1.73371671197986
"83",8,"RAB39B",2.68364771742348e-09,1.7609018118709,0.045,0.009,9.00041771469486e-05,0.021360934255961,0.742203520234651,0.013,0.021,1,0.281448511706092,1.3262571706337,0.027,0.022,1,0.281448511706092,8.05094313066456e-09,"RAB39B, member RAS oncogene family",1.27645416757975
"84",8,"LINC00663",4.69368791163941e-07,4.13314661181838,0.012,0.001,0.0157416905180562,0.900889969237713,2.00770015827251,0.01,0.011,1,0.043058111031574,1.24919420094157,0.006,0.013,1,0.900889969237713,1.40810571257074e-06,"long intergenic non-protein coding RNA 663",2.46334699034415
"85",8,"TMEM131L",0.027693047317395,1.52303811521105,0.036,0.019,1,1.72722237023612e-06,0.723200393430922,0.037,0.069,0.057927583852979,0.119644594426341,1.52368690922093,0.057,0.072,1,0.119644594426341,5.18165816082216e-06,"transmembrane 131 like",1.2566418059543
"86",8,"SLC4A10",9.90386065296665e-05,1.50516718651388,0.015,0.003,1,0.000519552362008534,1.81271689970311,0.036,0.023,1,0.00264953815145678,2.28536548479944,0.015,0.008,1,0.00264953815145678,0.000297086394623684,"solute carrier family 4 member 10",1.86774985700548
"87",8,"AC020765.2",0.0201667479007152,1.176252371047,0.021,0.008,1,0.000488724749513092,1.10075782894584,0.014,0.028,1,0.0828743764740081,1.47247860862417,0.014,0.021,1,0.0828743764740081,0.00146545780962974,NA,1.24982960287234
"88",8,"ZFP14",0.0398689654187136,0.894990768434297,0.012,0.004,1,0.253010191703207,1.37496939634938,0.047,0.056,1,0.0303929617397269,1.60591591427393,0.041,0.058,1,0.253010191703207,0.0884357638043247,"ZFP14 zinc finger protein",1.2919586930192
"89",8,"CARMIL2",0.0396243959257811,1.16047765357666,0.012,0.004,1,0.0715464611314617,1.67702093335419,0.02,0.014,1,0.531779794473247,1.6502699162069,0.015,0.013,1,0.531779794473247,0.114225123496759,"capping protein regulator and myosin 1 linker 2",1.49592283437925
"90",8,"HIST1H4B",0.656861506149303,1.41691572566495,0.012,0.009,1,0.985142439358119,1.80617780073695,0.018,0.018,1,0.44149734213437,1.50467330176085,0.009,0.012,1,0.985142439358119,0.825788936220882,NA,1.57592227605425
"91",9,"TNFRSF4",7.98824156753821e-32,4.54699479606294,0.356,0.034,2.67909645692096e-27,0,5.0113065807214,0.501,0.047,0,0,4.82226574739437,0.436,0.046,0,7.98824156753821e-32,0,"TNF receptor superfamily member 4",4.79352237472624
"92",9,"CTLA4",4.51587975784641e-11,4.37950407569966,0.089,0.006,1.51453575318653e-06,0,5.50778820686203,0.608,0.025,0,0,4.76877754231244,0.561,0.035,0,4.51587975784641e-11,0,"cytotoxic T-lymphocyte associated protein 4",4.88535660829138
"93",9,"LAIR2",8.29401713782159e-11,8.481370678959,0.022,0,2.78164746768261e-06,0,3.76326613835918,0.335,0.027,0,0,5.12606737019383,0.253,0.013,0,8.29401713782159e-11,0,"leukocyte associated immunoglobulin like receptor 2",5.79023472917067
"94",9,"FOXP3",3.74690731210558e-05,5.01155031084482,0.022,0.001,1,0,6.39701185499348,0.372,0.008,0,0,6.53462281201764,0.253,0.005,0,3.74690731210558e-05,0,"forkhead box P3",5.98106165928531
"95",9,"LINC02195",0.0003428668311887,5.87206659040632,0.022,0.001,1,0,4.48029941658685,0.198,0.008,0,2.25024126199008e-218,3.36823272398746,0.129,0.012,7.54685914446232e-214,0.0003428668311887,0,"long intergenic non-protein coding RNA 2195",4.57353291032688
"96",9,"COCH",0.000424155977874098,4.43082562035345,0.044,0.005,1,9.53521999926231e-272,5.44476442747093,0.103,0.004,3.19792208335259e-267,4.6376967749505e-70,4.40571179134693,0.042,0.004,1.5553907443829e-65,0.000424155977874098,2.86056599977893e-271,"cochlin",4.76043394639044
"97",9,"AC017002.3",7.15422275304007e-06,6.14187828380865,0.022,0.001,0.239938322691458,4.21649094397099e-113,4.21003118975431,0.091,0.011,1.41412673278899e-108,2.07232935261285e-99,4.41234199262909,0.076,0.01,6.95017818279297e-95,7.15422275304007e-06,1.26494728319127e-112,NA,4.92141715539735
"98",9,"NEK10",0.000129338188200185,6.4803121965632,0.022,0.001,1,5.58033223178425e-49,3.2473076592008,0.045,0.006,1.8715318238958e-44,6.0980559209102e-32,3.44911766126164,0.032,0.005,2.04516599475486e-27,0.000129338188200185,1.67409966953527e-48,"NIMA related kinase 10",4.39224583900855
"99",9,"BFSP2",0.00393938272932595,4.7221542412683,0.022,0.002,1,6.38698545163251e-41,3.77841400488487,0.02,0.001,2.14206718076851e-36,4.81525437563005e-29,4.15090707516977,0.02,0.002,1.61494001249881e-24,0.00393938272932595,1.91609563548974e-40,"beaded filament structural protein 2",4.21715844044098
"100",9,"MANEA-DT",3.34989579541869e-30,10.0673834105575,0.022,0,1.12348805186752e-25,2.08944517309753e-10,1.33518572729072,0.059,0.028,7.00758122153448e-06,7.50540732759854e-17,1.83403167442472,0.068,0.03,2.51716350953e-12,2.08944517309753e-10,1.00496873862561e-29,"MANEA divergent transcript",4.41220027075765
"101",10,"CLEC10A",5.96507153234642e-75,4.23044481201164,0.124,0.008,2.00056569051834e-70,0,5.00199048119867,0.229,0.015,0,0,6.92524069223555,0.412,0.006,0,5.96507153234642e-75,0,"C-type lectin domain containing 10A",5.38589199514862
"102",10,"FCER1A",4.92078553955629e-57,3.95458175263878,0.108,0.008,1.65033305425639e-52,6.05235038987934e-259,5.33606142991211,0.112,0.007,2.02983727375773e-254,0,5.82526213846718,0.323,0.011,0,4.92078553955629e-57,0,"Fc epsilon receptor Ia",5.03863510700603
"103",10,"CFP",7.73255589519555e-54,5.36907019287228,0.065,0.002,2.59334459613068e-49,0,3.31885164759834,0.256,0.018,0,0,4.76487206907242,0.146,0.005,0,7.73255589519555e-54,0,"complement factor properdin",4.48426463651435
"104",10,"CD1C",1.63378141768563e-44,5.08899593264592,0.057,0.002,5.47937611863407e-40,0,5.72909161587321,0.159,0.007,0,0,7.24072895217026,0.278,0.003,0,1.63378141768563e-44,0,"CD1c molecule",6.0196055002298
"105",10,"CCL17",8.80369017120194e-24,4.79764473350795,0.067,0.009,2.95258160961771e-19,7.93231270245421e-146,6.43429205425918,0.086,0.008,2.66033903414909e-141,0,8.55510103392001,0.204,0.005,0,8.80369017120194e-24,0,"C-C motif chemokine ligand 17",6.59567927389571
"106",10,"CD1E",1.95583972213765e-11,3.76350706876694,0.019,0.001,6.55949526010524e-07,0,5.52008662362165,0.132,0.006,0,0,8.45199551913427,0.208,0.001,0,1.95583972213765e-11,0,"CD1e molecule",5.91186307050762
"107",10,"FCN1",2.82756408738178e-05,2.69876934876027,0.012,0.002,0.948308443626102,0,5.65421949730908,0.496,0.023,0,0,5.57151555302196,0.25,0.006,0,2.82756408738178e-05,0,"ficolin 1",4.64150146636377
"108",10,"CD207",1.35443161046176e-08,3.85209355252671,0.012,0.001,0.000454249273516665,8.1326908513837e-132,7.81859932995199,0.029,0,2.72754185773706e-127,7.49030964934015e-281,8.07361886013345,0.062,0,2.5121000501957e-276,1.35443161046176e-08,2.24709289480223e-280,"CD207 molecule",6.58143724753738
"109",10,"HLA-DQB2",7.7781910285404e-30,3.90789671253449,0.045,0.003,2.60864970715188e-25,1.83889149853775e-21,3.79380911074565,0.04,0.011,6.16727430779589e-17,6.94587613384211e-195,6.15380443182026,0.151,0.011,2.32950793776797e-190,1.83889149853775e-21,2.08376284015263e-194,"major histocompatibility complex, class II, DQ beta 2",4.6185034183668
"110",10,"IDO1",3.69694674460228e-16,3.85353213697666,0.031,0.003,1.23988199920471e-11,1.41545947665628e-147,6.17220429177799,0.053,0.002,4.74716799280983e-143,9.56499167348511e-90,4.26192082038007,0.056,0.003,3.20790690745343e-85,3.69694674460228e-16,4.24637842996872e-147,"indoleamine 2,3-dioxygenase 1",4.76255241637824
"111",11,"FOLR2",1.63987380489672e-155,4.7648588105897,0.434,0.033,5.49980876686262e-151,0,5.10666524568324,0.551,0.036,0,0,6.8661902753138,0.661,0.014,0,1.63987380489672e-155,0,"folate receptor beta",5.57923811052891
"112",11,"STAB1",2.6314146777944e-112,4.08596317015582,0.365,0.032,8.82523854638686e-108,0,3.35152717026827,0.548,0.041,0,0,5.80840040050488,0.666,0.021,0,2.6314146777944e-112,0,"stabilin 1",4.41529691364299
"113",11,"F13A1",1.02480261366225e-45,4.01088938923058,0.148,0.013,3.43698300570044e-41,0,5.1244322534523,0.554,0.03,0,0,5.27702624281058,0.776,0.049,0,1.02480261366225e-45,0,"coagulation factor XIII A chain",4.80411596183115
"114",11,"ADAMDEC1",3.42592076864018e-42,4.96572948955513,0.095,0.005,1.14898530738654e-37,0,3.78585395366345,0.204,0.015,0,3.23127890934005e-182,3.88447958169547,0.138,0.011,1.08370632061447e-177,3.42592076864018e-42,0,"ADAM like decysin 1",4.21202100830468
"115",11,"IGSF21",1.09740548147422e-22,3.96405586489108,0.074,0.007,3.68047850376823e-18,0,4.97148858541815,0.282,0.011,0,0,6.29701263980167,0.383,0.005,0,1.09740548147422e-22,0,"immunoglobin superfamily member 21",5.07751903003697
"116",11,"LILRB5",2.16102983864571e-16,3.80853024972632,0.042,0.003,7.24766187284999e-12,0,4.01344755232442,0.4,0.03,0,0,5.84053009181586,0.255,0.006,0,2.16102983864571e-16,0,"leukocyte immunoglobulin like receptor B5",4.55416929795553
"117",11,"AC093895.1",7.02097082317397e-15,7.30187204784434,0.011,0,2.35469319467609e-10,2.22717814624452e-282,3.30224098305686,0.15,0.012,7.46951006687486e-278,0,4.86950633888425,0.144,0.005,0,7.02097082317397e-15,0,NA,5.15787312326182
"118",11,"ADORA3",2.83760930129793e-06,4.91743378806267,0.011,0.001,0.0951677407469298,0,4.26643183247195,0.344,0.02,0,0,5.27266882894585,0.301,0.008,0,2.83760930129793e-06,0,"adenosine A3 receptor",4.81884481649349
"119",11,"TCHH",1.01846966293704e-07,4.7014732894209,0.011,0,0.00341574355555823,1.19627578024247e-225,3.22298935915113,0.14,0.013,4.0120697117772e-221,2.89030556115411e-254,4.85752439666439,0.118,0.005,9.69350679099865e-250,1.01846966293704e-07,8.67091668346239e-254,"trichohyalin",4.26066234841214
"120",11,"AC008759.3",2.8735534622352e-06,3.96289635646161,0.011,0.001,0.0963732360164442,1.45679467010623e-56,4.05287906094006,0.024,0.001,4.88579796460228e-52,1.69659732270365e-78,4.72181360737172,0.037,0.002,5.69004810088349e-74,2.8735534622352e-06,5.08979196811092e-78,NA,4.2458630082578
"121",12,"CMTM2",2.14794658592049e-30,5.65569434885758,0.054,0.002,7.20378325986014e-26,0,7.18384099175485,0.275,0.01,0,5.14971143537871e-12,6.33122559266433,0.024,0.001,1.72711022119731e-07,5.14971143537871e-12,0,"CKLF like MARVEL transmembrane domain containing 2",6.39025364442558
"122",12,"FCGR3B",3.63252815846489e-15,5.30377758647611,0.036,0.002,1.21827729378596e-10,0,7.0030272076957,0.422,0.019,0,1.53888001402632e-104,7.54979398793468,0.113,0.003,5.16109579104147e-100,3.63252815846489e-15,0,"Fc gamma receptor IIIb",6.61886626070216
"123",12,"S100A8",1.87208369027785e-11,5.15496424995894,0.078,0.014,6.27859428045386e-07,0,5.22365264049594,0.674,0.181,0,0.0249683028780799,4.51211774236919,0.081,0.043,1,0.0249683028780799,0,"S100 calcium binding protein A8",4.96357821094136
"124",12,"ADGRG3",2.68910749407129e-11,4.84354854328382,0.03,0.002,9.0187287136163e-07,0,6.28550809140724,0.244,0.018,0,3.00775052132927e-60,5.60245122665046,0.137,0.007,1.00873936984341e-55,2.68910749407129e-11,0,"adhesion G protein-coupled receptor G3",5.57716928711384
"125",12,"CLEC4E",3.87289890870338e-06,2.92778327540391,0.066,0.018,0.129889283600094,0,5.90328570752139,0.319,0.064,0,4.82431710913882e-06,4.86601223931071,0.097,0.029,0.161797947206298,4.82431710913882e-06,0,"C-type lectin domain family 4 member E",4.56569374074534
"126",12,"AC245128.3",0.0035515836648472,5.10093546037395,0.012,0.002,1,0,6.069571193038,0.304,0.039,0,1.63364933106959e-11,5.58512369599646,0.048,0.005,5.47893312654118e-07,0.0035515836648472,0,NA,5.58521011646947
"127",12,"CXCR2",3.03618786892815e-18,5.43719209811263,0.024,0.001,1.01827668748112e-13,1.66302747371317e-296,6.55967649247931,0.129,0.01,5.57746154133923e-292,8.02956462738007e-06,6.51290355796923,0.016,0.001,0.269295538473073,8.02956462738007e-06,4.98908242113959e-296,"C-X-C motif chemokine receptor 2",6.16992404952039
"128",12,"S100A12",0.00196476887572652,5.66117532915723,0.012,0.002,1,3.99439536186937e-269,5.30308818359262,0.159,0.018,1.33964031646375e-264,3.37942353962044e-09,7.05528712237261,0.024,0.002,0.00011333910667179,0.00196476887572652,1.19831860856088e-268,"S100 calcium binding protein A12",6.00651687837415
"129",12,"FPR2",9.58464446121808e-18,6.0676039085159,0.03,0.001,3.21449805940332e-13,1.45442850097468e-177,5.22379819123949,0.228,0.06,4.87786230656889e-173,0.0089293836820609,4.03459251243396,0.032,0.01,1,0.0089293836820609,4.36328550292415e-177,"formyl peptide receptor 2",5.10866487072979
"130",12,"HCAR2",0.0162547775798563,2.77699725240992,0.018,0.005,1,2.07401636595919e-97,5.16218104178066,0.18,0.06,6.95583608815394e-93,2.30618261636977e-34,5.65253428865202,0.153,0.016,7.73447525878093e-30,0.0162547775798563,6.22204909787761e-97,"hydroxycarboxylic acid receptor 2",4.53057086094753
"131",13,"HIST1H3B",6.38770453759526e-271,8.90555651120077,0.294,0,2.1423083478187e-266,0,5.18842478426944,0.22,0.008,0,0,5.10191505763308,0.134,0.005,0,6.38770453759526e-271,0,NA,6.3986321177011
"132",13,"PBK",1.83198764993174e-171,7.23472480824466,0.176,0,6.14412018034107e-167,0,6.19263888527763,0.299,0.004,0,0,5.87375773974574,0.249,0.004,0,1.83198764993174e-171,0,"PDZ binding kinase",6.43370714442267
"133",13,"DLGAP5",2.5287492092178e-137,8.11638083912998,0.176,0,8.48091909787466e-133,0,5.98859313469302,0.398,0.007,0,0,6.59663485514758,0.381,0.006,0,2.5287492092178e-137,0,"DLG associated protein 5",6.90053627632353
"134",13,"GTSE1",2.5287492092178e-137,7.93997208016146,0.176,0,8.48091909787466e-133,0,5.45092716707307,0.421,0.012,0,0,6.01592251202167,0.368,0.01,0,2.5287492092178e-137,0,"G2 and S-phase expressed 1",6.46894058641873
"135",13,"CCNB2",1.66408052286388e-114,7.08900932691833,0.176,0.001,5.58099325758088e-110,0,5.56440843780881,0.457,0.018,0,0,5.59999883378036,0.488,0.015,0,1.66408052286388e-114,0,"cyclin B2",6.0844721995025
"136",13,"AURKB",9.38448409716453e-111,8.06385729700996,0.235,0.001,3.14736827650704e-106,0,5.42245477255625,0.297,0.008,0,0,5.57608540835725,0.232,0.006,0,9.38448409716453e-111,0,"aurora kinase B",6.35413249264115
"137",13,"HMMR",5.04463443401681e-77,9.33222416539968,0.118,0,1.69186949648056e-72,0,5.4477902693588,0.46,0.015,0,0,5.05017522177481,0.404,0.015,0,5.04463443401681e-77,0,"hyaluronan mediated motility receptor",6.61006321884443
"138",13,"MKI67",8.18707966112367e-63,7.19099965894387,0.176,0.001,2.74578277674765e-58,0,5.69967154997716,0.719,0.027,0,0,5.71429775978726,0.707,0.032,0,8.18707966112367e-63,0,"marker of proliferation Ki-67",6.20165632290276
"139",13,"UBE2C",2.36619834325903e-53,8.14659722802339,0.176,0.002,7.93575600362213e-49,0,5.76274328842623,0.602,0.019,0,0,5.70409160683278,0.582,0.021,0,2.36619834325903e-53,0,"ubiquitin conjugating enzyme E2 C",6.5378107077608
"140",13,"KIF4A",1.15497253657984e-26,7.61294219428081,0.059,0,3.87354689318146e-22,0,5.7141335666137,0.367,0.008,0,0,5.89916529153558,0.353,0.008,0,1.15497253657984e-26,0,"kinesin family member 4A",6.4087470174767
"141",14,"TPSAB1",0,5.83372294833994,0.802,0.031,0,0,11.8731253135145,0.92,0.004,0,0,9.84077522105184,0.985,0.008,0,0,0,"tryptase alpha/beta 1",9.18254116096875
"142",14,"CPA3",0,5.41406852442138,0.64,0.032,0,0,11.5324872081708,0.924,0.004,0,0,9.6898227466333,0.981,0.009,0,0,0,"carboxypeptidase A3",8.8787928264085
"143",14,"MS4A2",0,5.65413865678467,0.538,0.017,0,0,11.6232232487174,0.924,0.001,0,0,9.49771229847816,0.834,0.004,0,0,0,"membrane spanning 4-domains A2",8.92502473466007
"144",14,"HDC",1.14874313740447e-205,4.83789305640978,0.416,0.02,3.85265473422712e-201,0,9.83294170123052,0.779,0.002,0,0,8.34379441888621,0.456,0.002,0,1.14874313740447e-205,0,"histidine decarboxylase",7.67154305884217
"145",14,"TPSB2",2.73117499171002e-191,4.92498665149721,0.995,0.259,9.15981468719706e-187,0,11.5852376563564,0.939,0.01,0,0,9.74041333386413,0.999,0.017,0,2.73117499171002e-191,0,"tryptase beta 2",8.75021254723926
"146",14,"TMEM233",4.28571150293206e-103,6.81407426788345,0.127,0.002,1.43734192385336e-98,0,8.31315931262943,0.597,0.003,0,0,8.19324789375948,0.311,0.003,0,4.28571150293206e-103,0,"transmembrane protein 233",7.77349382475745
"147",14,"TPSD1",3.53385302077522e-56,5.49866685605063,0.071,0.001,1.18518362610759e-51,0,11.4458181323098,0.388,0,0,0,9.06852682671372,0.29,0.001,0,3.53385302077522e-56,0,"tryptase delta 1",8.67100393835805
"148",14,"GATA1",1.78530175542426e-13,5.73567269995988,0.02,0.001,5.98754502734189e-09,0,8.94449691470541,0.194,0,0,0,8.2387250246628,0.084,0,0,1.78530175542426e-13,0,"GATA binding protein 1",7.6396315464427
"149",14,"MIR202HG",1.33368395366849e-15,7.40909086529721,0.015,0,4.47290924381337e-11,1.59725522018213e-21,6.54595683895011,0.011,0,5.35687455744682e-17,1.12403581056651e-183,9.00069671244216,0.043,0,3.76979130147797e-179,1.33368395366849e-15,3.37210743169944e-183,"MIR202 host gene",7.65191480556316
"150",14,"AL359636.1",2.55484423164822e-14,8.40735861452347,0.01,0,8.5684365841018e-10,1.06793467941449e-67,7.8580875296214,0.027,0,3.5816393278203e-63,9.22111158261393e-44,6.88526297792627,0.012,0,3.09257640257706e-39,2.55484423164822e-14,3.20380403824346e-67,NA,7.71690304069038
"151",15,"VPREB3",1.45074686538648e-61,6.52727533666143,0.071,0.001,4.86551483713318e-57,0,8.58789428665431,0.356,0.004,0,0,8.13682450106144,0.5,0.006,0,1.45074686538648e-61,0,"V-set pre-B cell surrogate light chain 3",7.75066470812573
"152",15,"CD79A",2.46151332518093e-30,3.92420426801473,0.274,0.035,8.25542338999181e-26,0,8.49725788320826,0.782,0.008,0,0,7.12464674600025,0.73,0.012,0,2.46151332518093e-30,0,"CD79a molecule",6.51536963240774
"153",15,"MS4A1",6.43744165279729e-09,5.47586060288331,0.012,0,0.000215898918151515,0,7.32426086495391,0.831,0.013,0,0,6.54578463155315,0.834,0.017,0,6.43744165279729e-09,0,"membrane spanning 4-domains A1",6.44863536646346
"154",15,"SPIB",1.07619488193364e-07,3.5673059249897,0.06,0.007,0.00360934239502905,0,6.00643305166307,0.236,0.006,0,0,6.48725539956804,0.289,0.008,0,1.07619488193364e-07,0,"Spi-B transcription factor",5.3536647920736
"155",15,"SHISA8",2.9637932450368e-06,5.61542768222835,0.012,0,0.0993996978520443,0,7.58962096006364,0.121,0.001,0,7.88698936317985e-257,6.54581612946569,0.1,0.002,2.64513849262326e-252,2.9637932450368e-06,0,"shisa family member 8",6.5836215905859
"156",15,"COL19A1",2.98770892427637e-06,5.32450573993437,0.012,0,0.100201781902381,4.14447790698644e-174,6.32071608179986,0.051,0,1.38997500044511e-169,0,9.20266748424014,0.102,0,0,2.98770892427637e-06,0,"collagen type XIX alpha 1 chain",6.94929643532479
"157",15,"FAM30A",3.38394605389504e-05,3.89046642022345,0.048,0.007,1,4.01152502280092e-257,6.50340019113545,0.13,0.003,1.34538526214697e-252,0,5.86007289342778,0.19,0.004,0,3.38394605389504e-05,0,"family with sequence similarity 30 member A",5.41797983492889
"158",15,"LINC01781",0.0215863400794721,3.55672450554066,0.012,0.002,1,0,9.81841249804356,0.19,0.001,0,0,9.1700770162279,0.308,0.002,0,0.0215863400794721,0,"long intergenic non-protein coding RNA 1781",7.51507133993737
"159",15,"IGHD",0.254287100315942,0.820996640462902,0.012,0.004,1,0,10.1893578036015,0.281,0.001,0,0,9.69402700661598,0.194,0,0,0.254287100315942,0,"immunoglobulin heavy constant delta",6.90146048356014
"160",15,"TNFRSF13C",0.291928922370682,3.7450463721369,0.012,0.004,1,0,6.8622041803619,0.565,0.011,0,0,6.11728651378819,0.621,0.016,0,0.291928922370682,0,"TNF receptor superfamily member 13C",5.57484568876233
"161",16,"HIGD1B",3.56038804815687e-263,10.7400753870358,0.233,0,1.19408294359085e-258,0,10.8907253740442,0.617,0.001,0,0,9.98448840657806,0.247,0,0,3.56038804815687e-263,0,"HIG1 hypoxia inducible domain family member 1B",10.5384297225527
"162",16,"COX4I2",1.73412490520228e-210,9.63112952630592,0.233,0.001,5.8159081070674e-206,0,8.53504063353022,0.495,0.001,0,0,10.5392261621429,0.278,0,0,1.73412490520228e-210,0,"cytochrome c oxidase subunit 4I2",9.56846544065969
"163",16,"AVPR1A",1.02991086798889e-97,9.50958497045088,0.1,0,3.45411506906113e-93,0,8.43904654719618,0.189,0.001,0,0,8.3880571471563,0.303,0.002,0,1.02991086798889e-97,0,"arginine vasopressin receptor 1A",8.77889622160112
"164",16,"AC007406.3",2.57030469218363e-87,11.2645621614783,0.067,0,8.62028787664545e-83,0,6.29928683687577,0.102,0,0,0,10.1758067708863,0.058,0,0,2.57030469218363e-87,0,NA,9.2465519230801
"165",16,"NGF",2.13346471735776e-53,6.84260725299289,0.133,0.002,7.15521396907446e-49,1.19684675852707e-282,7.70763781148438,0.073,0,4.0139846587481e-278,0,7.63881571781094,0.093,0.001,0,2.13346471735776e-53,0,"nerve growth factor",7.39635359409607
"166",16,"RGS5",1.2669511837434e-40,6.20226458569553,0.4,0.023,4.2491008800386e-36,0,8.81761390757186,0.84,0.009,0,0,8.7273780195731,0.504,0.011,0,1.2669511837434e-40,0,"regulator of G protein signaling 5",7.91575217094683
"167",16,"CASQ2",6.58364269294243e-23,8.84019638718177,0.033,0,2.20802208635903e-18,1.41481562536685e-265,11.0178665126128,0.049,0,4.74500864435535e-261,0,11.3605379049994,0.133,0,0,6.58364269294243e-23,0,"calsequestrin 2",10.4062002682647
"168",16,"PI15",1.23285922235778e-15,6.60084262969666,0.033,0,4.13476325994353e-11,0,9.30377379070373,0.18,0.001,0,0,8.44794215513271,0.349,0.002,0,1.23285922235778e-15,0,"peptidase inhibitor 15",8.1175195251777
"169",16,"FAM162B",2.76292637224415e-07,7.08286304836057,0.033,0.001,0.00926630246723244,0,8.82088112088152,0.374,0.002,0,0,6.251581215103,0.18,0.004,0,2.76292637224415e-07,0,"family with sequence similarity 162 member B",7.38510846144837
"170",16,"CCL19",8.6080151358782e-06,6.455800121802,0.067,0.005,0.288695611627083,2.24754580971658e-110,8.60595940437131,0.068,0.001,7.53781913662747e-106,0,7.64351703799958,0.212,0.006,0,8.6080151358782e-06,0,"C-C motif chemokine ligand 19",7.56842552139097
"171",17,"ACKR1",2.18973543183331e-270,8.59078720100719,0.403,0.004,7.34393469128257e-266,1.36293695896367e-187,10.3590795545082,0.047,0,4.57101797297237e-183,0,12.7705492894829,0.268,0,0,1.36293695896367e-187,0,"atypical chemokine receptor 1 (Duffy blood group)",10.5734720149994
"172",17,"VWF",4.76938513105069e-259,6.96486340884553,0.528,0.01,1.59955638525178e-254,0,9.63017942552409,0.339,0.002,0,0,10.9795891734007,0.788,0.003,0,4.76938513105069e-259,0,"von Willebrand factor",9.1915440025901
"173",17,"CDH5",2.97111642039304e-182,7.36594828586085,0.236,0.002,9.96453025071418e-178,0,9.88106725152044,0.671,0.001,0,0,12.1182433546807,0.788,0.001,0,2.97111642039304e-182,0,"cadherin 5",9.78841963068734
"174",17,"MYCT1",2.96079442764325e-173,7.512066776133,0.208,0.001,9.92991235142993e-169,0,9.49412507375515,0.591,0.001,0,0,10.7334201915413,0.631,0,0,2.96079442764325e-173,0,"MYC target 1",9.24653734714316
"175",17,"SOX17",8.0400127088288e-137,7.22749524756983,0.208,0.002,2.696459462287e-132,0,9.91241255410394,0.36,0,0,0,13.1889933598395,0.542,0,0,8.0400127088288e-137,0,"SRY-box transcription factor 17",10.1096337205044
"176",17,"MMRN2",4.30543328634757e-103,8.8633515955545,0.125,0.001,1.44395621557525e-98,0,9.54707436762393,0.558,0.002,0,0,9.93995959068197,0.615,0.002,0,4.30543328634757e-103,0,"multimerin 2",9.45012851795347
"177",17,"SELE",4.20815566262139e-70,7.03906519583512,0.181,0.005,1.41133124612996e-65,0,9.61274168058518,0.092,0,0,0,11.8419901044303,0.151,0,0,4.20815566262139e-70,0,"selectin E",9.49793232695019
"178",17,"KDR",9.16698595386695e-38,6.71417694260827,0.083,0.002,3.0744237492079e-33,0,9.6901888674647,0.551,0.001,0,0,12.2711804342299,0.514,0,0,9.16698595386695e-38,0,"kinase insert domain receptor",9.55851541476763
"179",17,"STAB2",3.54819633164669e-37,11.060624738718,0.028,0,1.18999408570767e-32,0,9.93578609250621,0.188,0,0,2.6007873806798e-130,10.4644054226976,0.028,0,8.72252071732391e-126,3.54819633164669e-37,0,"stabilin 2",10.4869387513073
"180",17,"GPIHBP1",2.47998424594162e-15,7.82339008553256,0.028,0.001,8.317371164039e-11,0,11.6789080925374,0.087,0,0,0,13.6952497869716,0.19,0,0,2.47998424594162e-15,0,"glycosylphosphatidylinositol anchored high density lipoprotein binding protein 1",11.0658493216805
"181",18,"IGKV1-5",0.00284704948389415,5.89326190323272,0.024,0.008,1,0,13.5745662228928,0.085,0,0,1.23667553203434e-93,9.53493488779707,0.038,0,4.14756239933675e-89,0.00284704948389415,0,"immunoglobulin kappa variable 1-5",9.66758767130752
"182",18,"IGHV1-24",1.83888038310484e-29,5.284753001328,0.045,0.002,6.16723702885702e-25,1.82492765134285e-106,11.8204577118308,0.026,0,6.12044235707365e-102,2.16389814479168e-253,11.0950996711372,0.057,0,7.25728159800234e-249,1.83888038310484e-29,6.4916944343752e-253,"immunoglobulin heavy variable 1-24",9.40010346143201
"183",18,"IGLV2-23",0.000582919413775505,5.88169537042566,0.014,0.002,1,4.01414518180614e-58,11.9762204555821,0.034,0,1.34626401107414e-53,1.59622444930679e-187,10.3463096275451,0.052,0,5.35341755808512e-183,0.000582919413775505,4.78867334792024e-187,"immunoglobulin lambda variable 2-23",9.4014084845176
"184",18,"IGKV2-30",5.16324908451129e-15,6.6708828843223,0.014,0,1.7316504779634e-10,1.05906148635005e-150,12.1558368168304,0.034,0,3.55188041292079e-146,9.09522404809003e-61,8.8362124219833,0.014,0,3.05035624124843e-56,5.16324908451129e-15,3.17718445905016e-150,"immunoglobulin kappa variable 2-30",9.22097737437867
"185",18,"IGHV6-1",1.70838128720305e-14,6.15303312733561,0.01,0,5.72956916102158e-10,1.23656160260615e-125,12.1631625037901,0.034,0,4.1471803028205e-121,7.69617146285633e-137,9.82833424961855,0.029,0,2.58114198521276e-132,1.70838128720305e-14,2.30885143885692e-136,"immunoglobulin heavy variable 6-1",9.38150996024807
"186",18,"IGLV2-8",4.32554271597943e-14,6.69349179278213,0.024,0.001,1.45070051608518e-09,1.25953853599908e-118,10.2737296882481,0.085,0.001,4.22424034203371e-114,1.30408577602733e-112,11.6825760172458,0.038,0,4.37364287564045e-108,4.32554271597943e-14,3.77861560799731e-118,"immunoglobulin lambda variable 2-8",9.54993249942535
"187",18,"IGHV3-66",4.80035939079803e-09,6.12053160799889,0.021,0.002,0.000160994453248584,3.9954055827739e-95,12.4000283424771,0.017,0,1.33997912435071e-90,1.67915305055288e-54,10.4594118547009,0.01,0,5.63154350094425e-50,4.80035939079803e-09,1.19862167483216e-94,"immunoglobulin heavy variable 3-66",9.65999060172564
"188",18,"IGLV3-21",3.97813891687543e-12,6.37695351604965,0.021,0.001,1.33418822994168e-07,9.25575162438367e-64,12.7250342422837,0.017,0,3.1041939797858e-59,1.67866138767183e-71,11.4447077429617,0.019,0,5.62989456197379e-67,3.97813891687543e-12,5.0359841630155e-71,"immunoglobulin lambda variable 3-21",10.182231833765
"189",18,"IGHV1-46",6.55966803930496e-11,6.50941028381409,0.01,0,2.1999814670221e-06,1.25379265676292e-38,9.7999851521796,0.017,0,4.20496981225148e-34,1.25191148262468e-66,11.5872111158097,0.024,0,4.19866073042664e-62,6.55966803930496e-11,3.75573444787404e-66,"immunoglobulin heavy variable 1-46",9.29886885060114
"190",18,"IGHV3-72",1.79375618599271e-12,5.16502411644538,0.014,0,6.01589949658236e-08,2.76948033478552e-53,9.63950664584574,0.043,0.001,9.28828314680366e-49,1.67915305055288e-54,12.7811574889848,0.01,0,5.63154350094425e-50,1.79375618599271e-12,5.0374591516586e-54,"immunoglobulin heavy variable 3-72",9.19522941709199
"191",19,"MND1",3.96561806206849e-183,7.27226298712219,0.312,0.001,1.32998898565653e-178,0,4.76410812113753,0.417,0.011,0,0,4.90903290677744,0.45,0.013,0,3.96561806206849e-183,0,"meiotic nuclear divisions 1",5.64846800501239
"192",19,"SHCBP1",9.67712140310503e-118,7.02366788317923,0.25,0.001,3.24551297617336e-113,0,4.69249002410273,0.518,0.014,0,0,5.0596688544062,0.596,0.013,0,9.67712140310503e-118,0,"SHC binding and spindle associated 1",5.59194225389605
"193",19,"PCLAF",2.47336738573428e-108,6.20493596675351,0.625,0.011,8.29517953827562e-104,0,4.82811051824571,0.879,0.042,0,2.82107808047337e-272,4.66782663066093,0.826,0.055,9.46133166629158e-268,2.47336738573428e-108,0,"PCNA clamp associated factor",5.23362437188672
"194",19,"MYBL2",3.63958735003722e-106,6.5119137623234,0.312,0.002,1.22064480545548e-101,0,4.52971059091231,0.506,0.015,0,2.12910290181815e-269,4.68679410967884,0.431,0.014,7.1405853121177e-265,3.63958735003722e-106,0,"MYB proto-oncogene like 2",5.24280615430485
"195",19,"MCM10",1.6008041681123e-21,7.8947584215086,0.062,0.001,5.36877701901502e-17,0,4.40732772965814,0.372,0.009,0,3.40969246089221e-93,3.8367123180746,0.202,0.009,1.14354265753403e-88,1.6008041681123e-21,0,"minichromosome maintenance 10 replication initiation factor",5.37959948974711
"196",19,"E2F8",3.84752747502248e-82,9.66331771922014,0.062,0,1.29038376457304e-77,1.0343572617666e-294,4.30649831821001,0.243,0.008,3.46902738451282e-290,4.05995476049722e-113,4.00332525282444,0.229,0.009,1.36162762757556e-108,3.84752747502248e-82,3.10307178530008e-294,"E2F transcription factor 8",5.99104709675153
"197",19,"DEPDC1",6.18227446595905e-146,9.18245358899181,0.188,0,2.07341121039334e-141,7.85259884242777e-281,4.0276935365473,0.251,0.009,2.63360459977342e-276,6.8549305961614e-142,4.15479247437738,0.294,0.012,2.29900662334061e-137,6.8549305961614e-142,2.35577965272844e-280,"DEP domain containing 1",5.78831319997217
"198",19,"E2F2",1.2057371218791e-108,8.99965280068716,0.125,0,4.04380115935812e-104,1.49047170004834e-270,3.57053077302497,0.223,0.007,4.99874398762211e-266,3.85446611440602e-85,3.97614185066698,0.138,0.004,1.29271084544949e-80,3.85446611440602e-85,4.47141510014512e-270,"E2F transcription factor 2",5.51544180812637
"199",19,"C2orf48",9.45217497051519e-42,7.03952183916889,0.062,0,3.17007044161138e-37,1.89084519688483e-87,4.31209933011603,0.057,0.001,6.34151662131234e-83,6.12025626021955e-119,4.61675077591786,0.101,0.002,2.05261154455243e-114,9.45217497051519e-42,1.83607687806582e-118,NA,5.32279064840093
"200",19,"CD1A",3.84752747502248e-82,9.75806656896069,0.062,0,1.29038376457304e-77,1.31955521573941e-84,3.94986819394835,0.085,0.003,4.42552428254684e-80,5.32003448263569e-64,5.1452074546013,0.11,0.004,1.78423316478636e-59,5.32003448263569e-64,3.95866564721828e-84,"CD1a molecule",6.28438073917011
